{"avg_rewards_7_stages": [-764.7681818181819, -128.16454545454548, -765.2872727272727, -124.89181818181818, -732.0154545454545, -152.1827272727273, -127.79523809523809], "loss_curve": [0.0001061106304405, 4.952552990289405e-05, 0.0002315974561497, 0.000342868064763, 7.214638753794134e-05, 0.0010607403237372, 9.366393351228908e-05, 0.0011381569784134, 0.0004368695663288, 0.0008442620746791, 0.0008978964178822, 0.0004391135589685, 0.0004741485172417, 0.0004239847476128, 0.0010787041392177, 0.0016264230944216, 0.0005020393873564, 0.000412703200709, 9.9308217613725e-06, 0.0002434752095723, 0.0024081033188849, 0.001687878742814, 0.000855850870721, 0.0003615324676502, 0.00060114369262, 0.001043101074174, 0.0013363829348236, 9.056877752300352e-05, 0.001894234213978, 0.000192390900338, 0.0008247747900895, 6.682320235995576e-05, 0.001119093503803, 0.0001076944172382, 0.0002455305075272, 0.0002396115887677, 0.0005555476527661, 0.0004875666927546]}